{
    "info": {
        "_postman_id": "ab77a10e-8e4d-4b16-94a0-4e20632524f5",
        "name": "Twitter-like Backend API",
        "schema": "https://schema.getpostman.com/json/collection/v2.1.0/collection.json"
    },
    "item": [
        {
            "name": "User",
            "item": [
                {
                    "name": "Register",
                    "request": {
                        "method": "POST",
                        "header": [],
                        "body": {
                            "mode": "raw",
                            "raw": "{\n  \"username\": \"string\",\n  \"email\": \"string\",\n  \"password\": \"string\",\n  \"profile\": {\n    \"name\": \"string\",\n    \"bio\": \"string\",\n    \"location\": \"string\",\n    \"website\": \"string\",\n    \"avatar\": \"string\"\n  }\n}"
                        },
                        "url": {
                            "raw": "http://localhost:3000/api/users/register",
                            "protocol": "http",
                            "host": [
                                "localhost"
                            ],
                            "port": "3000",
                            "path": [
                                "api",
                                "users",
                                "register"
                            ]
                        }
                    },
                    "response": []
                },
                {
                    "name": "Login",
                    "request": {
                        "method": "POST",
                        "header": [],
                        "body": {
                            "mode": "raw",
                            "raw": "{\n  \"email\": \"string\",\n  \"password\": \"string\"\n}"
                        },
                        "url": {
                            "raw": "http://localhost:3000/api/users/login",
                            "protocol": "http",
                            "host": [
                                "localhost"
                            ],
                            "port": "3000",
                            "path": [
                                "api",
                                "users",
                                "login"
                            ]
                        }
                    },
                    "response": []
                },
                {
                    "name": "Get User by ID",
                    "request": {
                        "method": "GET",
                        "header": [],
                        "url": {
                            "raw": "http://localhost:3000/api/users/:id",
                            "protocol": "http",
                            "host": [
                                "localhost"
                            ],
                            "port": "3000",
                            "path": [
                                "api",
                                "users",
                                ":id"
                            ]
                        }
                    },
                    "response": []
                },
                {
                    "name": "Update User by ID",
                    "request": {
                        "method": "PUT",
                        "header": [],
                        "url": {
                            "raw": "http://localhost:3000/api/users/:id",
                            "protocol": "http",
                            "host": [
                                "localhost"
                            ],
                            "port": "3000",
                            "path": [
                                "api",
                                "users",
                                ":id"
                            ]
                        }
                    },
                    "response": []
                },
                {
                    "name": "Delete User by ID",
                    "request": {
                        "method": "DELETE",
                        "header": [],
                        "url": {
                            "raw": "http://localhost:3000/api/users/:id",
                            "protocol": "http",
                            "host": [
                                "localhost"
                            ],
                            "port": "3000",
                            "path": [
                                "api",
                                "users",
                                ":id"
                            ]
                        }
                    },
                    "response": []
                }
            ]
        },
        {
            "name": "Tweet",
            "item": [
                {
                    "name": "Create Tweet",
                    "request": {
                        "method": "POST",
                        "header": [],
                        "body": {
                            "mode": "raw",
                            "raw": "{\n  \"content\": \"string\",\n  \"replyTo\": \"string\"\n}"
                        },
                        "url": {
                            "raw": "http://localhost:3000/api/tweets",
                            "protocol": "http",
                            "host": [
                                "localhost"
                            ],
                            "port": "3000",
                            "path": [
                                "api",
                                "tweets"
                            ]
                        }
                    },
                    "response": []
                },
                {
                    "name": "Get Tweet by ID",
                    "request": {
                        "method": "GET",
                        "header": [],
                        "url": {
                            "raw": "http://localhost:3000/api/tweets/:id",
                            "protocol": "http",
                            "host": [
                                "localhost"
                            ],
                            "port": "3000",
                            "path": [
                                "api",
                                "tweets",
                                ":id"
                            ]
                        }
                    },
                    "response": []
                },
                {
                    "name": "Update Tweet by ID",
                    "request": {
                        "method": "PUT",
                        "header": [],
                        "url": {
                            "raw": "http://localhost:3000/api/tweets/:id",
                            "protocol": "http",
                            "host": [
                                "localhost"
                            ],
                            "port": "3000",
                            "path": [
                                "api",
                                "tweets",
                                ":id"
                            ]
                        }
                    },
                    "response": []
                },
                {
                    "name": "Delete Tweet by ID",
                    "request": {
                        "method": "DELETE",
                        "header": [],
                        "url": {
                            "raw": "http://localhost:3000/api/tweets/:id",
                            "protocol": "http",
                            "host": [
                                "localhost"
                            ],
                            "port": "3000",
                            "path": [
                                "api",
                                "tweets",
                                ":id"
                            ]
                        }
                    },
                    "response": []
                },
                {
                    "name": "Like Tweet",
                    "request": {
                        "method": "PUT",
                        "header": [],
                        "url": {
                            "raw": "http://localhost:3000/api/tweets/:id/like",
                            "protocol": "http",
                            "host": [
                                "localhost"
                            ],
                            "port": "3000",
                            "path": [
                                "api",
                                "tweets",
                                ":id",
                                "like"
                            ]
                        }
                    },
                    "response": []
                },
                {
                    "name": "Retweet",
                    "request": {
                        "method": "POST",
                        "header": [],
                        "url": {
                            "raw": "http://localhost:3000/api/tweets/:id/retweet",
                            "protocol": "http",
                            "host": [
                                "localhost"
                            ],
                            "port": "3000",
                            "path": [
                                "api",
                                "tweets",
                                ":id",
                                "retweet"
                            ]
                        }
                    },
                    "response": []
                },
                {
                    "name": "Get Random Tweets",
                    "request": {
                        "method": "GET",
                        "header": [],
                        "url": {
                            "raw": "http://localhost:3000/api/tweets/random",
                            "protocol": "http",
                            "host": [
                                "localhost"
                            ],
                            "port": "3000",
                            "path": [
                                "api",
                                "tweets",
                                "random"
                            ]
                        }
                    },
                    "response": []
                },
                {
                    "name": "Get User's Tweets",
                    "request": {
                        "method": "GET",
                        "header": [],
                        "url": {
                            "raw": "http://localhost:3000/api/users/:userId/tweets",
                            "protocol": "http",
                            "host": [
                                "localhost"
                            ],
                            "port": "3000",
                            "path": [
                                "api",
                                "users",
                                ":userId",
                                "tweets"
                            ]
                        }
                    },
                    "response": []
                }
            ]
        },
        {
            "name": "Trends",
            "item": [
                {
                    "name": "Get Top 5 Trends",
                    "request": {
                        "method": "GET",
                        "header": [],
                        "url": {
                            "raw": "http://localhost:3000/api/trends",
                            "protocol": "http",
                            "host": [
                                "localhost"
                            ],
                            "port": "3000",
                            "path": [
                                "api",
                                "trends"
                            ]
                        }
                    },
                    "response": []
                },
                {
                    "name": "Get Tweets by Hashtag",
                    "request": {
                        "method": "GET",
                        "header": [],
                        "url": {
                            "raw": "http://localhost:3000/api/trends/:hashtag",
                            "protocol": "http",
                            "host": [
                                "localhost"
                            ],
                            "port": "3000",
                            "path": [
                                "api",
                                "trends",
                                ":hashtag"
                            ]
                        }
                    },
                    "response": []
                }
            ]
        }
    ]
}